Workbook

Sheet LEIAME
B2: Cálculo para deflacionamento dos Censos Demográficos do Brasil, coletados pelo IBGE, compatibilizando as informações de renda entre 1960 e 2022. O ano de referência para a renda real será 2022. O mês de referência do Censo 2022, de acordo com o IBGE, foi julho de 2022, marco adotado para deflacionar as rendas. A metodologia adotada se baseia na proposta do Texto para Discussão (TD) N° 897 do Ipea, de julho de 2002. Ideia geral: (i) Ajustando para o carry-over da inflação na mudança para o Plano Real em julho de 1994 - durante o mês de julho, na transição de moeda implementada pelo Plano Real, de Cruzeiro Real para Real, coexistiram 2 moedas circulando, o Real e a Unidade Real de Valor (URV). O índice de preços INPC foi medido entre URV e reais, mas muitas pessoas enfrentaram variações de preços em cruzeiros reais nesse período. Portanto, para considerar ambos os efeitos, levou-se em consideração a variação adicional de 22,25%, que recupera a diferença entre as variações de real-URV e real-cruzeiro real; (ii) Centrando no dia 1 do mês - os índices de preços utilizados são originlmente centrados no dia 15 do mês. Contudo, como o trabalho é a principal fonte de renda declarada em pesquisas domiciliares e essa renda costuma ser recebida no início do mês, faz mais sentido ter o índice referente a esse período para melhor medir o poder de compra dos rendimentos das famílias e indivíduos. Para mais detalhes, ver texto disponível em https://www.ipeadata.gov.br/doc/Corseuil2002.pdf. Os índices de preço utilizados são IGP-DI e INPC. Em cada ano de Censo, é utilizado um valor único para todo o país. O INPC para o período de 1980 a 2022 e o IGP-DI para os Censos de 1960 e 1970. Ambas as séries foram extraídas do repositório do ipeadata, navegando no menu "macroeconômico > temas > preços > todas" e selecionando (i) IGP-DI mensal (IGP-DI - (% a.m.) - Fundação Getulio Vargas, Conjuntura Econômica - IGP (FGV/Conj. Econ. - IGP) - IGP12_IGPDIG12) e (ii) INPC geral taxa de variação mensal (INPC - geral - taxa de variação - (% a.m.) - Instituto Brasileiro de Geografia e Estatística, Sistema Nacional de Índices de Preços ao Consumidor (IBGE/SNIPC) - PRECOS12_INPCBR12). As séries originais estão: (i) do IGP-DI, na planilha "IGP-DI"; (ii) do INPC, na planilha "INPC". O deflator é calculado na planilha "Deflator compatibilizacao Censo" e o conversor de moedas das mudanças ocasionadas pelos planos de estabilização da moeda está na planilha "Conversor moeda compat Censo". De 1970 a 1991, as datas de referência das pesquisas foram dia 1º de setembro (noite de 31 de agosto a 1º de setembro). De 2000 a 2022, foram 1º de agosto (noite de 31 de julho a 1º de agosto). Nesse sentido, os meses de referência para as rendas foram os meses anteriores. Nos casos de 1970 a 1991, agosto; nos casos de 2000 a 2022, julho. Fonte: https://memoria.ibge.gov.br/historia-do-ibge/historico-dos-censos/censos-demograficos; https://www.ibge.gov.br/estatisticas/sociais/trabalho/22827-censo-demografico-2022.html?=&t=conceitos-e-metodos.

Sheet IGP
A1: Data | B1: IGP-DI - (% a.m.) - Fundação Getulio Vargas, Conjuntura Econômica - IGP (FGV/Conj. Econ. - IGP) - IGP12_IGPDIG12 -
A2: 1944.02 | B2: 1.45
A3: 1944.03 | B3: 1.43
A4: 1944.04 | B4: 1.41
A5: 1944.05 | B5: 1.39
A6: 1944.06 | B6: 1.37
A7: 1944.07 | B7: 1.35
A8: 1944.08 | B8: 1.33
A9: 1944.09 | B9: 1.32
A10: 1944.10 | B10: 2.6
A11: 1944.11 | B11: 2.53
A12: 1944.12 | B12: 0
A13: 1945.01 | B13: 1.23
... A991: 2026.07 | B991: -0.86

Sheet INPC
A1: Data | B1: INPC - geral - taxa de variação - (% a.m.) - Instituto Brasileiro de Geografia e Estatística, Sistema Nacional de Índices de Preços ao Consumidor (IBGE/SNIPC) - PRECOS12_INPCBR12 -
A2: 1979.04 | B2: 3.45
A3: 1979.05 | B3: 1.76
A4: 1979.06 | B4: 3
A5: 1979.07 | B5: 5.36
A6: 1979.08 | B6: 5.79
A7: 1979.09 | B7: 6.61
A8: 1979.10 | B8: 5.06
A9: 1979.11 | B9: 6.1
A10: 1979.12 | B10: 4.51
A11: 1980.01 | B11: 6.56
A12: 1980.02 | B12: 4.15
A13: 1980.03 | B13: 5.12
... A569: 2026.07 | B569: -0.01

Sheet Deflator compatibilizacao Censo
D1: 34516
A2: Data | B2: Índice - taxa de variação (% a.m.) | C2: Transformando em índice | D2: Ajustando para o carry-over da inflação na mudança para o Plano Real em julho de 1994 | E2: Centrando no dia 1 do mês | F2: Fazendo o 1 ser em jan/02 (ref artigo) | G2: Fazendo o 1 ser em jul/2022 (referência Censo 2022)
A3: 21916 | B3: =IGP!B193 -> 1.56 | C3: =1+B3/100 -> 1.0156 | D3: =IF(A3<$D$1,C3,C3*1.2225) -> 1.0156
A4: 21947 | B4: =IGP!B194 -> 2.46 | C4: =C3*(1+B4/100) -> 1.0405838 | D4: =IF(A4<$D$1,C4,C4*1.2225) -> 1.0405838 | E4: =SQRT(D4*D3) -> 1.028016 | F4: =E4/$E$507 -> 6.6930239e-15 | G4: =E4/$E$753 -> 1.8474522e-15
A5: 21976 | B5: =IGP!B195 -> 1.5 | C5: =C4*(1+B5/100) -> 1.0561925 | D5: =IF(A5<$D$1,C5,C5*1.2225) -> 1.0561925 | E5: =SQRT(D5*D4) -> 1.0483591 | F5: =E5/$E$507 -> 6.8254702e-15 | G5: =E5/$E$753 -> 1.8840109e-15
A6: 22007 | B6: =IGP!B196 -> 1.63 | C6: =C5*(1+B6/100) -> 1.0734085 | D6: =IF(A6<$D$1,C6,C6*1.2225) -> 1.0734085 | E6: =SQRT(D6*D5) -> 1.0647657 | F6: =E6/$E$507 -> 6.9322874e-15 | G6: =E6/$E$753 -> 1.9134953e-15
A7: 22037 | B7: =IGP!B197 -> 0.15 | C7: =C6*(1+B7/100) -> 1.0750186 | D7: =IF(A7<$D$1,C7,C7*1.2225) -> 1.0750186 | E7: =SQRT(D7*D6) -> 1.0742132 | F7: =E7/$E$507 -> 6.9937966e-15 | G7: =E7/$E$753 -> 1.9304734e-15
A8: 22068 | B8: =IGP!B198 -> 0.58 | C8: =C7*(1+B8/100) -> 1.0812537 | D8: =IF(A8<$D$1,C8,C8*1.2225) -> 1.0812537 | E8: =SQRT(D8*D7) -> 1.0781316 | F8: =E8/$E$507 -> 7.0193079e-15 | G8: =E8/$E$753 -> 1.9375152e-15
A9: 22098 | B9: =IGP!B199 -> 2.02 | C9: =C8*(1+B9/100) -> 1.103095 | D9: =IF(A9<$D$1,C9,C9*1.2225) -> 1.103095 | E9: =SQRT(D9*D8) -> 1.0921197 | F9: =E9/$E$507 -> 7.1103793e-15 | G9: =E9/$E$753 -> 1.9626533e-15
A10: 22129 | B10: =IGP!B200 -> 2.97 | C10: =C9*(1+B10/100) -> 1.1358569 | D10: =IF(A10<$D$1,C10,C10*1.2225) -> 1.1358569 | E10: =SQRT(D10*D9) -> 1.1193561 | F10: =E10/$E$507 -> 7.287705e-15 | G10: =E10/$E$753 -> 2.0115999e-15
A11: 22160 | B11: =IGP!B201 -> 3.99 | C11: =C10*(1+B11/100) -> 1.1811776 | D11: =IF(A11<$D$1,C11,C11*1.2225) -> 1.1811776 | E11: =SQRT(D11*D10) -> 1.1582956 | F11: =E11/$E$507 -> 7.5412255e-15 | G11: =E11/$E$753 -> 2.0815783e-15
A12: 22190 | B12: =IGP!B202 -> 5.03 | C12: =C11*(1+B12/100) -> 1.2405908 | D12: =IF(A12<$D$1,C12,C12*1.2225) -> 1.2405908 | E12: =SQRT(D12*D11) -> 1.2105198 | F12: =E12/$E$507 -> 7.8812372e-15 | G12: =E12/$E$753 -> 2.1754306e-15
A13: 22221 | B13: =IGP!B203 -> 3.02 | C13: =C12*(1+B13/100) -> 1.2780567 | D13: =IF(A13<$D$1,C13,C13*1.2225) -> 1.2780567 | E13: =SQRT(D13*D12) -> 1.2591844 | F13: =E13/$E$507 -> 8.1980744e-15 | G13: =E13/$E$753 -> 2.2628861e-15
A14: 22251 | B14: =IGP!B204 -> 2.08 | C14: =C13*(1+B14/100) -> 1.3046403 | D14: =IF(A14<$D$1,C14,C14*1.2225) -> 1.3046403 | E14: =SQRT(D14*D13) -> 1.2912801 | F14: =E14/$E$507 -> 8.407037e-15 | G14: =E14/$E$753 -> 2.3205653e-15
A15: 22282 | B15: =IGP!B205 -> 1.92 | C15: =C14*(1+B15/100) -> 1.3296894 | D15: =IF(A15<$D$1,C15,C15*1.2225) -> 1.3296894 | E15: =SQRT(D15*D14) -> 1.3171053 | F15: =E15/$E$507 -> 8.5751751e-15 | G15: =E15/$E$753 -> 2.3669759e-15
... A233: 28915 | B233: =IGP!B423 -> 5.77 | C233: =C232*(1+B233/100) -> 380.83476 | D233: =IF(A233<$D$1,C233,C233*1.2225) -> 380.83476 | E233: =SQRT(D233*D232) -> 370.30137 | F233: =E233/$E$507 -> 2.4108924e-12 | G233: =E233/$E$753 -> 6.6547028e-13
A234: 28946 | B234: =INPC!B2 -> 3.45 | C234: =C233*(1+B234/100) -> 393.97355 | D234: =IF(A234<$D$1,C234,C234*1.2225) -> 393.97355 | E234: =SQRT(D234*D233) -> 387.34845 | F234: =E234/$E$507 -> 2.5218795e-12 | G234: =E234/$E$753 -> 6.9610566e-13
A235: 28976 | B235: =INPC!B3 -> 1.76 | C235: =C234*(1+B235/100) -> 400.90749 | D235: =IF(A235<$D$1,C235,C235*1.2225) -> 400.90749 | E235: =SQRT(D235*D234) -> 397.4254 | F235: =E235/$E$507 -> 2.5874867e-12 | G235: =E235/$E$753 -> 7.1421499e-13
A236: 29007 | B236: =INPC!B4 -> 3 | C236: =C235*(1+B236/100) -> 412.93471 | D236: =IF(A236<$D$1,C236,C236*1.2225) -> 412.93471 | E236: =SQRT(D236*D235) -> 406.87666 | F236: =E236/$E$507 -> 2.6490203e-12 | G236: =E236/$E$753 -> 7.311999e-13
A237: 29037 | B237: =INPC!B5 -> 5.36 | C237: =C236*(1+B237/100) -> 435.06801 | D237: =IF(A237<$D$1,C237,C237*1.2225) -> 435.06801 | E237: =SQRT(D237*D236) -> 423.85692 | F237: =E237/$E$507 -> 2.7595724e-12 | G237: =E237/$E$753 -> 7.6171519e-13
A238: 29068 | B238: =INPC!B6 -> 5.79 | C238: =C237*(1+B238/100) -> 460.25845 | D238: =IF(A238<$D$1,C238,C238*1.2225) -> 460.25845 | E238: =SQRT(D238*D237) -> 447.48601 | F238: =E238/$E$507 -> 2.9134125e-12 | G238: =E238/$E$753 -> 8.0417914e-13
A239: 29099 | B239: =INPC!B7 -> 6.61 | C239: =C238*(1+B239/100) -> 490.68154 | D239: =IF(A239<$D$1,C239,C239*1.2225) -> 490.68154 | E239: =SQRT(D239*D238) -> 475.2266 | F239: =E239/$E$507 -> 3.094021e-12 | G239: =E239/$E$753 -> 8.5403189e-13
A240: 29129 | B240: =INPC!B8 -> 5.06 | C240: =C239*(1+B240/100) -> 515.51002 | D240: =IF(A240<$D$1,C240,C240*1.2225) -> 515.51002 | E240: =SQRT(D240*D239) -> 502.94259 | F240: =E240/$E$507 -> 3.2744693e-12 | G240: =E240/$E$753 -> 9.0384041e-13
A241: 29160 | B241: =INPC!B9 -> 6.1 | C241: =C240*(1+B241/100) -> 546.95613 | D241: =IF(A241<$D$1,C241,C241*1.2225) -> 546.95613 | E241: =SQRT(D241*D240) -> 531.00035 | F241: =E241/$E$507 -> 3.4571428e-12 | G241: =E241/$E$753 -> 9.5426313e-13
A242: 29190 | B242: =INPC!B10 -> 4.51 | C242: =C241*(1+B242/100) -> 571.62386 | D242: =IF(A242<$D$1,C242,C242*1.2225) -> 571.62386 | E242: =SQRT(D242*D241) -> 559.15398 | F242: =E242/$E$507 -> 3.6404405e-12 | G242: =E242/$E$753 -> 1.0048582e-12
A243: 29221 | B243: =INPC!B11 -> 6.56 | C243: =C242*(1+B243/100) -> 609.12238 | D243: =IF(A243<$D$1,C243,C243*1.2225) -> 609.12238 | E243: =SQRT(D243*D242) -> 590.07532 | F243: =E243/$E$507 -> 3.8417576e-12 | G243: =E243/$E$753 -> 1.060427e-12
A244: 29252 | B244: =INPC!B12 -> 4.15 | C244: =C243*(1+B244/100) -> 634.40096 | D244: =IF(A244<$D$1,C244,C244*1.2225) -> 634.40096 | E244: =SQRT(D244*D243) -> 621.63319 | F244: =E244/$E$507 -> 4.047219e-12 | G244: =E244/$E$753 -> 1.1171398e-12
A245: 29281 | B245: =INPC!B13 -> 5.12 | C245: =C244*(1+B245/100) -> 666.88229 | D245: =IF(A245<$D$1,C245,C245*1.2225) -> 666.88229 | E245: =SQRT(D245*D244) -> 650.4389 | F245: =E245/$E$507 -> 4.2347621e-12 | G245: =E245/$E$753 -> 1.1689067e-12
... A801: 46204 | B801: =INPC!B569 -> -0.01 | C801: =C800*(1+B801/100) -> 5.3502622e+14 | D801: =IF(A801<$D$1,C801,C801*1.2225) -> 6.5406955e+14 | E801: =SQRT(D801*D800) -> 6.5410226e+14 | F801: =E801/$E$507 -> 4.2586128 | G801: =E801/$E$753 -> 1.1754901

Sheet Conversor moeda compat Censo
A1: Ano | B1: Conversor
A2: 1960 | B2: 2750000000000
A3: 1970 | B3: 2750000000000
A4: 1980 | B4: 2750000000000
A5: 1991 | B5: 2750000
A6: 2000 | B6: 1
A7: 2010 | B7: 1
A8: 2022 | B8: 1

Sheet Deflator e Conversor Censo
A1: Ano | B1: Deflator | C1: Conversor
A2: 1960 | C2: 2750000000000
A3: 1970 | B3: 7.1193494e-14 | C3: 2750000000000
A4: 1980 | B4: 1.5139096e-12 | C4: 2750000000000
A5: 1991 | B5: 1.6053298e-05 | C5: 2750000
A6: 2000 | B6: 0.24268233 | C6: 1
A7: 2010 | B7: 0.48024293 | C7: 1
A8: 2022 | B8: 1 | C8: 1
